{    
    "home_dir" : "/home/pbechon/workspace_planner/planner/scripts/generator/action-parkng",

    "map_data" : {
	    "image_file"  : "",
	    "region_file" : "laas.region.tif",
	    "dtm_file"    : "laas.dtm.simple.tif",
	    "blender_file": "",
	    "map_size": { "x_min":0, "x_max":0, "y_min":0, "y_max":0},
	    "utm_origine" : {"x":0, "y": 0},
	    "utm_zone"    : "31T"
    },

    "mission_zone" : { "x_min": 0, "x_max": 0, "y_min": 0, "y_max" : 0},

    
    "agents" : {
        "mana":{
            "position" : {"x": -7.260000000009313, "y": 23.759999999776483},
            "model" : "mana",
            "wp_group":  "agv_pt"
        },
        "minnie":{
            "position" : {"x": -7.260000000009313, "y": 23.759999999776483},
            "model" : "minnie",
            "wp_group":  "agv_pt"
        },
        "ressac1":{
            "position" : {"x": 4.239999999990687, "y": -21.740000000223517},
            "model" : "ressac",
            "wp_group":  "ressac1_pt"
        },
        "ressac2":{
            "position" : {"x": 37.23999999999069, "y": -64.24000000022352},
            "model" : "ressac",
            "wp_group":  "ressac2_pt"
        }
    }, 
    
    "models" : {
	    "mana" : { "config_file" : "mana.json" },
	    "minnie" : { "config_file" : "minnie.json" },
	    "ressac" : { "config_file" : "ressac.json" }
    },

    "wp_groups" : {
        "agv_pt" : {
            "waypoints" : {"0": {"x": -24.260000000009313, "y": -39.74000000022352}, "1": {"x": -8.760000000009313, "y": -30.240000000223517}, "10": {"x": 41.73999999999069, "y": -38.74000000022352}, "11": {"x": 23.739999999990687, "y": -49.24000000022352}, "12": {"x": 37.23999999999069, "y": -64.24000000022352}, "13": {"x": 22.739999999990687, "y": -76.24000000022352}, "14": {"x": 10.239999999990687, "y": -86.74000000022352}, "2": {"x": 4.239999999990687, "y": -21.740000000223517}, "3": {"x": 1.2399999999906868, "y": -0.7400000002235174}, "4": {"x": -7.260000000009313, "y": 23.759999999776483}, "5": {"x": 23.739999999990687, "y": 48.25999999977648}, "6": {"x": 41.23999999999069, "y": 23.259999999776483}, "7": {"x": 33.23999999999069, "y": 1.7599999997764826}, "8": {"x": 45.23999999999069, "y": -14.740000000223517}, "9": {"x": 13.739999999990687, "y": -34.74000000022352}},
            "patrols" : {
                "0" : ["1","0","14","13"],
                "2" : ["2","3","4","5","6","7"],
                "3" : ["7","8","10","12"],
                "4" : ["2","9","11","12"]
            }
        },
        "ressac1_pt" : {
            "waypoints" : {"0": {"x": -24.260000000009313, "y": -39.74000000022352}, "2": {"x": 4.239999999990687, "y": -21.740000000223517}, "4": {"x": -7.260000000009313, "y": 23.759999999776483}, "5": {"x": 23.739999999990687, "y": 48.25999999977648}, "7": {"x": 33.23999999999069, "y": 1.7599999997764826}},
            "patrols" : {
                "1" : ["4","5"]
            }
        },
        "ressac2_pt" : {
            "waypoints" : {"12": {"x": 37.23999999999069, "y": -64.24000000022352}, "13": {"x": 22.739999999990687, "y": -76.24000000022352}, "14": {"x": 10.239999999990687, "y": -86.74000000022352}, "8": {"x": 45.23999999999069, "y": -14.740000000223517}, "9": {"x": 13.739999999990687, "y": -34.74000000022352}},
            "patrols" : {
                "1" : ["12","13","14"]
            }
        }
    },
 
    "mission_goal": {
	    "observation_points" : {"0": {"x": -24.260000000009313, "y": -39.74000000022352}, "1": {"x": -8.760000000009313, "y": -30.240000000223517}, "10": {"x": 41.73999999999069, "y": -38.74000000022352}, "11": {"x": 23.739999999990687, "y": -49.24000000022352}, "12": {"x": 37.23999999999069, "y": -64.24000000022352}, "13": {"x": 22.739999999990687, "y": -76.24000000022352}, "14": {"x": 10.239999999990687, "y": -86.74000000022352}, "2": {"x": 4.239999999990687, "y": -21.740000000223517}, "3": {"x": 1.2399999999906868, "y": -0.7400000002235174}, "4": {"x": -7.260000000009313, "y": 23.759999999776483}, "5": {"x": 23.739999999990687, "y": 48.25999999977648}, "6": {"x": 41.23999999999069, "y": 23.259999999776483}, "7": {"x": 33.23999999999069, "y": 1.7599999997764826}, "8": {"x": 45.23999999999069, "y": -14.740000000223517}, "9": {"x": 13.739999999990687, "y": -34.74000000022352}, "aav":{"x": -13.260000000009313, "y": -50.74000000022352}}, 
	
	    "communication_goals": [
	        {"agent1":"ressac1", "agent2":"mana",   "date":300},
	        {"agent1":"ressac2", "agent2":"minnie",   "date":250},
	        {"agent1":"ressac1", "agent2":"ressac2",   "date":350 }
	    ]
	
    }
}
